{"paths_list": ["C:\\Users\\Peter\\Downloads\\test djay\\Rvssian, Lil Baby, Byron Messia - Choppa (Original Mix).flac"], "times_list": [[0.022539699883449883, 2.3526303854875286, 4.679092970521542, 7.011927437641724, 9.342585034013606, 11.671473922902495, 13.998571428571429, 16.331043083900227, 18.662426303854875, 20.990001678466797, 23.32263038548753, 25.64922902494331, 27.980884353741498, 30.30403628117914, 32.64233560090703, 34.97163265306123, 37.3002947845805, 39.63306122448979, 41.96165532879819, 44.2908843537415, 46.623492063492066, 48.95285714285714, 51.28190476190476, 53.615102040816325, 55.94356009070295, 58.275827664399095, 60.602108843537415, 62.93380952380952, 65.26353741496598, 67.59727891156463, 69.92108843537414, 72.25054421768708, 74.5809977324263, 76.90000915527344, 79.24378684807256, 81.59000396728516, 83.90394557823129, 86.23358276643991, 88.55993197278912, 90.89297052154195, 93.22301587301588, 95.54664399092971, 97.88426303854875, 100.2132426303855, 102.54299319727892, 104.87476190476191, 107.2044671201814, 109.52333333333334, 111.86281179138322, 114.19031746031746, 116.52451247165533, 118.85455782312926, 121.18179138321996, 123.50460317460318, 125.84487528344671, 128.17226757369613, 130.499410430839, 132.83258503401362, 135.1645804988662, 137.49308390022676, 139.82444444444445, 142.14578231292518, 144.48349206349206, 146.80603174603175, 149.16884353741497, 151.49000549316406, 153.80519274376417, 156.15000915527344, 158.49136054421768, 160.8100128173828, 163.1274603174603, 165.45001220703125, 167.77000427246094, 167.7881292104721]], "beats_list": [[0.0, 4.0, 8.0, 12.0, 16.0, 20.0, 24.0, 28.0, 32.0, 36.0, 40.0, 44.0, 48.0, 52.0, 56.0, 60.0, 64.0, 68.0, 72.0, 76.0, 80.0, 84.0, 88.0, 92.0, 96.0, 100.0, 104.0, 108.0, 112.0, 116.0, 120.0, 124.0, 128.0, 132.0, 136.0, 140.0, 144.0, 148.0, 152.0, 156.0, 160.0, 164.0, 168.0, 172.0, 176.0, 180.0, 184.0, 188.0, 192.0, 196.0, 200.0, 204.0, 208.0, 212.0, 216.0, 220.0, 224.0, 228.0, 232.0, 236.0, 240.0, 244.0, 248.0, 252.0, 256.0, 260.0, 264.0, 268.0, 272.0, 276.0, 280.0, 284.0, 288.0, 288.03125]], "bpms_list": [[103.0002829858872, 103.16091113775258, 102.87913839693616, 102.97522912572241, 103.05343511450383, 103.13276492082825, 102.89514106278318, 102.94317894450171, 103.11159097909575, 102.88821331815453, 103.15487851232425, 102.93116526948427, 103.30792281188077, 102.63869897884967, 103.03537703705142, 103.06347011509928, 102.88213851761867, 103.06648099638706, 103.03838627712503, 102.88913947972149, 103.03236797274293, 103.04641177673268, 102.86314070791309, 103.07250328675046, 102.90414475027477, 103.16895573599517, 102.92916326292459, 103.01632259759995, 102.83915350084494, 103.27868852459054, 103.02835616038276, 102.98424683525874, 103.49237508513119, 102.3987900974402, 102.29232326143172, 103.71912535073352, 103.02033347284792, 103.16593886462881, 102.87013908462663, 103.00228699333346, 103.28675150284977, 102.66856793644347, 103.04942166140873, 103.01531992758562, 102.92616039910143, 103.01732528713286, 103.49885587999418, 102.58696726793401, 103.11467903315392, 102.81917270590063, 103.00228699333346, 103.12673558671351, 103.32305049006224, 102.55217719900014, 103.11970225452616, 103.1307550644566, 102.86414041771447, 102.91615211831969, 103.07049577843262, 102.94418021067371, 103.38865499018279, 102.66458440437303, 103.33515582285395, 101.57389635316687, 103.39649045408667, 103.6633213740233, 102.35342896014659, 102.50490427591045, 103.5084056275427, 103.56221661633101, 103.33461270668798, 103.44862966397663, 103.44862966397663, 103.44862966397663]], "straight_bpm_list": [103.0], "time_sig_num_list": [4], "time_sig_den_list": [4], "beats_per_bar_quarter_list": [4.0]}